variety,length_mm_mean,length_mm_std,length_mm_min,length_mm_max,length_mm_median,width_mm_mean,width_mm_std,width_mm_min,width_mm_max,width_mm_median,aspect_ratio_mean,aspect_ratio_std,aspect_ratio_min,aspect_ratio_max,aspect_ratio_median,area_mm2_mean,area_mm2_std,area_mm2_min,area_mm2_max,area_mm2_median,circularity_mean,circularity_std,circularity_min,circularity_max,circularity_median,solidity_mean,solidity_std,solidity_min,solidity_max,solidity_median,eccentricity_mean,eccentricity_std,eccentricity_min,eccentricity_max,eccentricity_median,rg_ratio_mean,rg_ratio_std,rg_ratio_min,rg_ratio_max,rg_ratio_median,rb_ratio_mean,rb_ratio_std,rb_ratio_min,rb_ratio_max,rb_ratio_median,gb_ratio_mean,gb_ratio_std,gb_ratio_min,gb_ratio_max,gb_ratio_median,norm_s_mean,norm_s_std,norm_s_min,norm_s_max,norm_s_median
1001,4.267223076923077,0.30981305354277455,3.421,4.982,4.308,2.289707692307692,0.2477989447004027,1.743,2.853,2.2815000000000003,1.8871846153846155,0.2589196632346428,1.243,2.696,1.866,7.668492307692308,0.964787322397921,5.541,9.983,7.59,0.7078684615384615,0.1010554756193525,0.516,0.9485,0.70715,0.9190769230769231,0.04699556723028634,0.8147,1.0,0.9241,0.46303846153846157,0.07423857350504792,0.2021,0.6305,0.467,1.1014561538461538,0.05902957871598775,0.9657,1.2769,1.0971,1.2999246153846153,0.07954100113937475,1.0607,1.4654,1.3023500000000001,1.1894523076923078,0.05822848501808623,1.0156,1.3472,1.1854,0.14628307692307693,0.03011797768121956,0.065,0.2224,0.1459
1010,5.780946153846154,0.3736035562372961,4.592,6.56,5.826499999999999,2.0356846153846155,0.1795578995654676,1.587,2.565,2.033,2.8618615384615382,0.310962440810002,1.928,3.581,2.847,9.243084615384616,1.0173865518501362,6.508,12.247,9.1415,0.697563076923077,0.09741585686505934,0.4561,0.9319,0.6917500000000001,0.9205130769230769,0.046662621178683854,0.7764,1.0,0.9197500000000001,0.6476084615384615,0.03938496158643774,0.4841,0.7215,0.65,1.122906923076923,0.05677420965484257,0.9637,1.2503,1.1214,1.31979,0.08613053537527217,1.0848,1.5281,1.3183500000000001,1.197230769230769,0.058753469758866354,1.0463,1.3587,1.1955,0.15956846153846155,0.0275248669377414,0.1072,0.2348,0.1558
ganga_kaveri,4.572007692307692,0.32107393666971273,3.948,5.609,4.5875,2.3699384615384615,0.20208823592280176,1.817,2.831,2.3945,1.9438230769230769,0.2222791898109611,1.556,2.578,1.9015,8.509715384615385,0.9318233791008887,6.089,10.728,8.5185,0.6886476923076923,0.09997947480473265,0.3992,0.9755,0.69365,0.916693076923077,0.04490094211553088,0.7773,1.0,0.9242,0.4818607692307692,0.056422516666669476,0.3614,0.6137,0.47685,1.0947215384615383,0.0599959559161862,0.9277,1.2746,1.1015,1.2615915384615384,0.08866612930531523,1.0434,1.4952,1.2617,1.1606876923076923,0.05964587227884752,1.0268,1.3133,1.1556,0.12937538461538461,0.028186351256197485,0.0347,0.2003,0.1293
golden_mansuri,5.727446153846154,0.4428112808087087,4.814,6.839,5.6945,2.1039307692307694,0.16850823771465373,1.727,2.661,2.0995,2.7398846153846153,0.30554979382363345,2.056,3.634,2.6955,9.46383076923077,1.0502716971363197,7.02,11.878,9.3915,0.6939830769230769,0.11641092488387683,0.4046,0.9943,0.6986,0.9209884615384615,0.05177779691555775,0.7846,1.0,0.9233,0.6318323076923077,0.04134554936141996,0.516,0.7256,0.63045,1.1541769230769232,0.06246801542949368,0.9567,1.3083,1.14625,1.346763846153846,0.07638489948159491,1.1659,1.5734,1.34995,1.2088938461538463,0.05633518150334574,1.0773,1.3486,1.2064499999999998,0.1662853846153846,0.0307365704248023,0.0787,0.2468,0.16805
ir64,5.524546153846154,0.3678106420373738,4.421,6.325,5.503500000000001,1.9944615384615383,0.16627837655342526,1.522,2.476,1.9765000000000001,2.789176923076923,0.298302236447414,1.945,3.697,2.817,8.653646153846154,0.9261383932408292,6.678,11.252,8.628499999999999,0.7106169230769231,0.10580161641946109,0.3624,0.9349,0.7132000000000001,0.9158492307692307,0.05182877331743192,0.7584,1.0,0.92395,0.6386561538461538,0.03932027704178612,0.4886,0.7302,0.6463000000000001,1.0969553846153846,0.06019248975988896,0.9289,1.2233,1.09805,1.2984938461538462,0.07387066295599048,1.0822,1.5331,1.29915,1.1958838461538461,0.05737599747165727,1.0425,1.3261,1.1957,0.14798153846153847,0.027004787932109357,0.0899,0.2145,0.1488
mansuri,5.511946153846154,0.416423333192261,4.469,6.616,5.5175,1.9104230769230768,0.1526070022566002,1.53,2.237,1.9005,2.903523076923077,0.3198557624393422,2.275,3.828,2.8795,8.271453846153847,0.9257757033385947,6.585,11.002,8.271999999999998,0.6974730769230769,0.09366921080309505,0.5248,0.9492,0.7014499999999999,0.9125415384615384,0.046787404361827066,0.7947,1.0,0.9103,0.6527030769230769,0.03769842169389976,0.5624,0.7394,0.65395,1.1039653846153847,0.05525553423689257,0.9658,1.2598,1.0986500000000001,1.3123,0.09115192956578531,1.078,1.559,1.31735,1.2164223076923075,0.059874736510089586,1.04,1.3643,1.2132999999999998,0.14400846153846153,0.03100694604505811,0.0678,0.2347,0.14245000000000002
nati_mansuri,4.800800000000001,0.3333677207068829,4.033,5.774,4.7585,2.3122384615384615,0.20906294456051375,1.58,2.821,2.3165,2.0949692307692307,0.25631575544194657,1.453,2.992,2.0549999999999997,8.713584615384615,0.9578393384128105,5.865,11.78,8.6615,0.7057338461538462,0.11082396163946007,0.3163,0.9824,0.70965,0.9164100000000001,0.046792772333295846,0.7356,1.0,0.9177500000000001,0.5181515384615385,0.057223338105805904,0.3166,0.6669,0.5158,1.0917284615384615,0.0633508530251182,0.9562,1.2626,1.0925500000000001,1.2874815384615386,0.08336350937484109,1.0545,1.5294,1.2883499999999999,1.18356,0.06702614392154936,0.9917,1.3826,1.1828500000000002,0.1436769230769231,0.030863765510172364,0.0668,0.2191,0.14705000000000001
sonam,6.795961538461539,0.4803432300597994,5.746,8.046,6.8495,1.7871384615384616,0.12210065449076081,1.549,2.148,1.7725,3.8198846153846153,0.37561200983464493,2.975,4.796,3.7995,9.539469230769232,0.9452141809574826,7.347,12.324,9.595500000000001,0.7025315384615385,0.09530868416196163,0.4802,1.0,0.7039,0.9220330769230769,0.0474960078101414,0.7827,1.0,0.91925,0.7364092307692307,0.025812548616329267,0.665,0.7919,0.7375,1.13296,0.05462988164907779,1.0006,1.2454,1.13795,1.3368553846153846,0.07071568037855051,1.1801,1.4773,1.3437000000000001,1.2054953846153846,0.05506126378163482,1.0608,1.3618,1.2037499999999999,0.16191307692307694,0.028105207629290162,0.0984,0.2149,0.16175
swarna,4.466376923076923,0.3254651832528927,3.366,5.243,4.4885,2.206,0.1957899523120545,1.76,2.618,2.2024999999999997,2.0395,0.22602590405156125,1.573,2.595,2.025,7.7428,0.9243314399352178,5.274,9.909,7.714,0.7127884615384615,0.10038010985737728,0.4303,0.9573,0.7066,0.9180730769230769,0.04557172860253925,0.8201,1.0,0.9214,0.5061561538461538,0.05467372567939806,0.3685,0.6161,0.5085999999999999,1.0842376923076922,0.0537980724495259,0.9585,1.1932,1.0834000000000001,1.2880092307692308,0.08056029033741538,1.0521,1.4976,1.2873999999999999,1.1836776923076922,0.05873583783173665,1.0209,1.3647,1.1844000000000001,0.14025153846153848,0.03063487963625721,0.0531,0.2556,0.13805
